<?xml version="1.0" encoding="UTF-8"?>
<!DOCTYPE device SYSTEM "hpzsclhn.dtd">

<device>
  <software>
    <file_header>
      <file_name>hpogds3l.xml</file_name>
         <file_version>053.2510</file_version>
         <file_timestamp>08/14/2006</file_timestamp>
    </file_header>
    <component>
      <name>Mombi</name>
      <helper>
        <name></name>
        <!--   put a name if we have multiple helpers  -->
        <features>
        <!--   Features are Paper size, Media Type and Print Quality  -->
          <feature>
            <name>PaperSize</name>
            <macro_name>macro_PaperSize</macro_name>
          </feature>
          <feature>
            <name>MediaType</name>
            <macro_name>macro_MediaType</macro_name>
          </feature>
          <feature>
            <name>PrintQualityGroup</name>
            <macro_name>macro_PrintQualityGroup</macro_name>
          </feature>
        </features>
        <macros>
          <macro>
            <name>macro_PaperSize</name>
            <switch>
              <name>PaperSize</name>
              <case>
                <name>HP_BANNER_LETTER</name>
                <select_option>MediaType.HP_BANNER_PAPER</select_option>
              </case>
              <case>
                <name>HP_BANNER_A4</name>
                <select_option>MediaType.HP_BANNER_PAPER</select_option>
              </case>
              <case>
                <name>A5</name>
                <select_option>MediaType.PLAIN</select_option>
              </case>
              <case>
                <name>HP_HAGAKI_CARD</name>
                <select_option>MediaType.HP_INKJET_HAGAKI</select_option>
              </case>
              <case>
                <name>PHOTO_4X6_IN_WT</name>
                <select_option>MediaType.HP_PREMIUM_PLUS_PHOTO_PAPER_GLOSSY</select_option>
              </case>
              
              <case_default>
                <select_option>MediaType.AUTOMATIC</select_option>
              </case_default>
            </switch>
            <call>macro_MediaType</call>
          </macro>
          <macro>
            <name>macro_Mediatype_to_PaperSize</name>
            <select_option>PaperSize.LETTER</select_option>
          </macro>
          <macro>
            <name>macro_MediaType</name>
            <!--   =========================================   -->
            <!--   First macro statement                       -->
            <!--   determines which PQ options are             -->
            <!--   displayed for each media type, and          -->
            <!--   select a default PQ option                  -->
            <!--   =========================================   -->
            <switch>
              <name>MediaType</name>
              <case>
                <name>AUTOMATIC</name>
                <enable_option>PrintQualityGroup.PQGroup_1</enable_option>
                <enable_option>PrintQualityGroup.PQGroup_2</enable_option>
                <enable_option>PrintQualityGroup.PQGroup_3</enable_option>
                <select_option>PrintQualityGroup.PQGroup_2</select_option>
              </case>
              <case>
                <name>PLAIN</name>
                <enable_option>PrintQualityGroup.PQGroup_1</enable_option>
                <enable_option>PrintQualityGroup.PQGroup_2</enable_option>
                <enable_option>PrintQualityGroup.PQGroup_3</enable_option>
                <select_option>PrintQualityGroup.PQGroup_2</select_option>
              </case>
              <case>
                <name>HP_BRIGHT_WHITE_INKJET_PAPER</name>
                <enable_option>PrintQualityGroup.PQGroup_1</enable_option>
                <enable_option>PrintQualityGroup.PQGroup_2</enable_option>
                <enable_option>PrintQualityGroup.PQGroup_3</enable_option>
                <select_option>PrintQualityGroup.PQGroup_2</select_option>
              </case>
              <case>
                <name>HP_PREM_INKJET_PAPER</name>
                <enable_option>PrintQualityGroup.PQGroup_1</enable_option>
                <enable_option>PrintQualityGroup.PQGroup_2</enable_option>
                <enable_option>PrintQualityGroup.PQGroup_3</enable_option>
                <select_option>PrintQualityGroup.PQGroup_2</select_option>
              </case>
              <case>
                <name>OTHER_INKJET_PAPERS</name>
                <enable_option>PrintQualityGroup.PQGroup_3</enable_option>
                <enable_option>PrintQualityGroup.PQGroup_1</enable_option>
                <select_option>PrintQualityGroup.PQGroup_2</select_option>
                <enable_option>PrintQualityGroup.PQGroup_2</enable_option>
              </case>
              <case>
                <name>HP_INKJET_HAGAKI</name>
                <enable_option>PrintQualityGroup.PQGroup_3</enable_option>
                <enable_option>PrintQualityGroup.PQGroup_2</enable_option>
                <enable_option>PrintQualityGroup.PQGroup_1</enable_option>
                <select_option>PrintQualityGroup.PQGroup_2</select_option>
              </case>
              <case>
                <name>HP_PREMIUM_PHOTO_PAPER</name>
                <enable_option>PrintQualityGroup.PQGroup_3</enable_option>
                <enable_option>PrintQualityGroup.PQGroup_2</enable_option>
                <enable_option>PrintQualityGroup.PQGroup_1</enable_option>
                <select_option>PrintQualityGroup.PQGroup_2</select_option>
              </case>
              <case>
                <name>OTHER_TRANSPARENCY_FILMS</name>
                <enable_option>PrintQualityGroup.PQGroup_3</enable_option>
                <enable_option>PrintQualityGroup.PQGroup_2</enable_option>
                <enable_option>PrintQualityGroup.PQGroup_1</enable_option>
                <select_option>PrintQualityGroup.PQGroup_2</select_option>
              </case>
              <case>
                <name>HP_PHOTO_PAPER</name>
                <enable_option>PrintQualityGroup.PQGroup_1</enable_option>
                <enable_option>PrintQualityGroup.PQGroup_3</enable_option>
                <enable_option>PrintQualityGroup.PQGroup_2</enable_option>
                <select_option>PrintQualityGroup.PQGroup_1</select_option>
              </case>
              
              <case>
                <name>HP_PREMIUM_PLUS_PHOTO_PAPER_MATTE</name>
                <enable_option>PrintQualityGroup.PQGroup_3</enable_option>
                <enable_option>PrintQualityGroup.PQGroup_2</enable_option>
                <enable_option>PrintQualityGroup.PQGroup_1</enable_option>
                <select_option>PrintQualityGroup.PQGroup_1</select_option>
              </case>
              <case>
                <name>HP_PREMIUM_PLUS_PHOTO_PAPER_GLOSSY</name>
                <enable_option>PrintQualityGroup.PQGroup_3</enable_option>
                <enable_option>PrintQualityGroup.PQGroup_2</enable_option>
                <enable_option>PrintQualityGroup.PQGroup_1</enable_option>
                <select_option>PrintQualityGroup.PQGroup_1</select_option>
              </case>
              <case>
                <name>HP_EVERYDAY_PHOTO_PAPER_SEMI_GLOSS</name>
                <enable_option>PrintQualityGroup.PQGroup_3</enable_option>
                <enable_option>PrintQualityGroup.PQGroup_2</enable_option>
                <enable_option>PrintQualityGroup.PQGroup_1</enable_option>
                <select_option>PrintQualityGroup.PQGroup_2</select_option>
              </case>
              
              
              <case>
                <name>HP_COLORFAST_PHOTO_PAPER_GLOSSY</name>
                <enable_option>PrintQualityGroup.PQGroup_3</enable_option>
                <enable_option>PrintQualityGroup.PQGroup_2</enable_option>
                <enable_option>PrintQualityGroup.PQGroup_1</enable_option>
                <select_option>PrintQualityGroup.PQGroup_1</select_option>                
              </case>
              <case>
                <name>OTHER_PHOTO_PAPER</name>
                <enable_option>PrintQualityGroup.PQGroup_3</enable_option>
                <enable_option>PrintQualityGroup.PQGroup_2</enable_option>
                <enable_option>PrintQualityGroup.PQGroup_1</enable_option>
                <select_option>PrintQualityGroup.PQGroup_1</select_option>
              </case>
              <case>
                <name>HP_BROCHURE_FLYER_GLOSS</name>
                <enable_option>PrintQualityGroup.PQGroup_3</enable_option>
                <enable_option>PrintQualityGroup.PQGroup_1</enable_option>
                <enable_option>PrintQualityGroup.PQGroup_2</enable_option>
                <select_option>PrintQualityGroup.PQGroup_2</select_option>
              </case>
              <case>
                <name>HP_BROCHURE_FLYER_MATTE</name>
                <enable_option>PrintQualityGroup.PQGroup_3</enable_option>
                <enable_option>PrintQualityGroup.PQGroup_1</enable_option>
                <enable_option>PrintQualityGroup.PQGroup_2</enable_option>
                <select_option>PrintQualityGroup.PQGroup_2</select_option>
              </case>
			  <case>
                <name>HP_PHOTO_GREETING_CARDS</name>
                <enable_option>PrintQualityGroup.PQGroup_3</enable_option>
                <enable_option>PrintQualityGroup.PQGroup_2</enable_option>
                <enable_option>PrintQualityGroup.PQGroup_1</enable_option>
                <select_option>PrintQualityGroup.PQGroup_1</select_option>                
              </case>
              <case>
                <name>HP_MATTE_GREETING_CARDS</name>
                <enable_option>PrintQualityGroup.PQGroup_3</enable_option>
                <enable_option>PrintQualityGroup.PQGroup_2</enable_option>
                <enable_option>PrintQualityGroup.PQGroup_1</enable_option>
                <select_option>PrintQualityGroup.PQGroup_2</select_option>                
              </case>
              <case>
                <name>HP_TEXTURED_GREETING_CARD</name>
                <enable_option>PrintQualityGroup.PQGroup_3</enable_option>
                <enable_option>PrintQualityGroup.PQGroup_2</enable_option>
                <enable_option>PrintQualityGroup.PQGroup_1</enable_option>
                <select_option>PrintQualityGroup.PQGroup_2</select_option>
              </case>
              <case>
                <name>HP_PHOTO_QUALITY_PAPER_MATTE</name>
                <enable_option>PrintQualityGroup.PQGroup_3</enable_option>
                <enable_option>PrintQualityGroup.PQGroup_2</enable_option>
                <enable_option>PrintQualityGroup.PQGroup_1</enable_option>
                <select_option>PrintQualityGroup.PQGroup_2</select_option>                
              </case>
              
              <case>
                <name>HP_BANNER_PAPER_</name>
                <enable_option>PrintQualityGroup.PQGroup_1</enable_option>
                <enable_option>PrintQualityGroup.PQGroup_2</enable_option>
                <enable_option>PrintQualityGroup.PQGroup_3</enable_option>                
                <select_option>PrintQualityGroup.PQGroup_2</select_option>
                <select_option>PaperSize.HP_BANNER_LETTER</select_option>
              </case>
             
              <case>
                <name>OTHER_GREETING_CARDS</name>
                <enable_option>PrintQualityGroup.PQGroup_3</enable_option>
                <enable_option>PrintQualityGroup.PQGroup_2</enable_option>
                <enable_option>PrintQualityGroup.PQGroup_1</enable_option>
                <select_option>PrintQualityGroup.PQGroup_2</select_option>                
              </case>
              <case>
                <name>OTHER_BROCHURE_PAPERS</name>
                <enable_option>PrintQualityGroup.PQGroup_3</enable_option>
                <enable_option>PrintQualityGroup.PQGroup_2</enable_option>
                <enable_option>PrintQualityGroup.PQGroup_1</enable_option>
                <select_option>PrintQualityGroup.PQGroup_2</select_option>                
              </case>
              <case>
                <name>HP_PREMIUM_INKJET_TRANSPARENCY_FILM</name>
                <enable_option>PrintQualityGroup.PQGroup_3</enable_option>
                <enable_option>PrintQualityGroup.PQGroup_2</enable_option>
                <enable_option>PrintQualityGroup.PQGroup_1</enable_option>
                <select_option>PrintQualityGroup.PQGroup_2</select_option>                
              </case>
              <case>
                <name>HP_PREM_PLUS_INKJET_TRANSPARENCY</name>
                <enable_option>PrintQualityGroup.PQGroup_3</enable_option>
                <enable_option>PrintQualityGroup.PQGroup_2</enable_option>
                <enable_option>PrintQualityGroup.PQGroup_1</enable_option>
                <select_option>PrintQualityGroup.PQGroup_2</select_option>                
              </case>
			  
			  <case>
                <name>OTHER_SPECIALTY_PAPERS</name>
                <enable_option>PrintQualityGroup.PQGroup_3</enable_option>
                <enable_option>PrintQualityGroup.PQGroup_2</enable_option>
                <enable_option>PrintQualityGroup.PQGroup_1</enable_option>
                <select_option>PrintQualityGroup.PQGroup_2</select_option>                
              </case>
              <case_default>
                <enable_option>PrintQualityGroup.PQGroup_3</enable_option>
                <enable_option>PrintQualityGroup.PQGroup_2</enable_option>
                <enable_option>PrintQualityGroup.PQGroup_1</enable_option>
                <select_option>PrintQualityGroup.PQGroup_2</select_option>                
              </case_default>
            </switch>
            <!--   =========================================   -->
            <!--   Second macro statement                      -->
            <!--   invokes the Print Quality macro             -->
            <!--   to make selections to Resolution etc        -->
            <!--   =========================================   -->
            <call>macro_PrintQualityGroup</call>
          </macro>
          <!--   =========================================   -->
          <!--                   Print Quality               -->
          <!--                                               -->
          <!--   Print Quality macro can be invoked either   -->
          <!--   1. by the Media Type macro, or              -->
          <!--   2. when the user explicitly selects a PQ    -->
          <!--      setting from the Print Quality control   -->
          <!--   =========================================   -->
          <macro>
            <name>macro_PrintQualityGroup</name>
            <switch>
              <name>PrintQualityGroup</name>
              <case>
                <name>PQGroup_1</name>
                <select_option>Resolution.1200dpi</select_option>
                <select_option>PrintQuality.Best</select_option>
                <resource_id>3997</resource_id>
                <resource_id>3997</resource_id>
                <resource_id>1008</resource_id>
              </case>
              <case>
                <name>PQGroup_2</name>
                <select_option>Resolution.600dpi</select_option>
                <select_option>PrintQuality.Normal</select_option>
                <resource_id>3996</resource_id>
                <resource_id>3996</resource_id>
                <resource_id>968</resource_id>
              </case>
              <case>
                <name>PQGroup_3</name>
                <select_option>Resolution.300dpi</select_option>
                <select_option>PrintQuality.Fast</select_option>
                <resource_id>3995</resource_id>
                <resource_id>3995</resource_id>
                <resource_id>968</resource_id>
              </case>
            </switch>
          </macro>
          <!--   =========================================   -->
          <!--   The following are sub-routines of the       -->
          <!--   Print Quality macro.  They are not          -->
          <!--   invoked directly by an action on a UI       -->
          <!--   control                                     -->
          <!--   =========================================   -->
          <macro>
            <name>macro_PrintQualityGroup_PQGroup_2</name>
            <switch>
              <name>MediaType</name>
              <case>
                <name>PLAIN</name>
                <select_option>Resolution.300dpi</select_option>
              </case>
              <case>
                <name>BRIGHTWHITE</name>
                <select_option>Resolution.300dpi</select_option>
              </case>
              <case_default>
                <select_option>Resolution.600dpi</select_option>
              </case_default>
            </switch>
          </macro>
          <!--   =========================================   -->
          <!--      Print Quality Import                     -->
          <!--     Mapping is as follows                     -->
          <!--     (a) Best    - PQGroup_1                   -->
          <!--     (b) Normal  - PQGroup_2                   -->
          <!--     (c) Fast    - PQGroup_3                   -->
          <!--                                               -->
          <!--   Print Quality options have single level     -->
          <!--   association only                            -->
          <!--   =========================================   -->
          <macro>
            <name>macro_PrintQualityImport</name>
            <switch>
              <name>PrintQualityImport</name>
              <case>
                <name>Best</name>
                <map_option>PQGroup_1</map_option>
              </case>
              <case>
                <name>Normal</name>
                <map_option>PQGroup_2</map_option>
              </case>
              <case>
                <name>Fast</name>
                <map_option>PQGroup_3</map_option>
              </case>
            </switch>
            <call>macro_PrintQualityGroup</call>
          </macro>
          <!--   =========================================   -->
          <!--      Print Quality Export                     -->
          <!--     Mapping is as follows                     -->
          <!--     (a) Best    - PQGroup_1                   -->
          <!--     (b) Normal  - PQGroup_2                   -->
          <!--     (c) Fast    - PQGroup_3                   -->
          <!--                                               -->
          <!--   Print Quality options have single level     -->
          <!--   association only                            -->
          <!--   =========================================   -->
          <macro>
            <name>macro_PrintQualityExport</name>
            <switch>
              <name>PrintQualityExport</name>
              <case>
                <name>PQGroup_1</name>
                <unmap_option>Best</unmap_option>
              </case>
              <case>
                <name>PQGroup_2</name>
                <unmap_option>Normal</unmap_option>
              </case>
              <case>
                <name>PQGroup_3</name>
                <unmap_option>Fast</unmap_option>
              </case>
            </switch>
          </macro>
        </macros>
        <presets>
          <presetenglish>
            <name>Default Print Settings</name> 
            <resource_id>3041</resource_id> 
            <setting>PaperSize.LETTER</setting>
            <setting>InputBin.LOWERTRAY</setting>  
            <setting>MediaType.AUTOMATIC</setting>  
            <setting>PrintQualityGroup.PQGroup_2</setting> 
          </presetenglish>
          <presetenglish>
            <name>Professional photo-quality printing</name>
            <resource_id>3354</resource_id>
            <setting>PaperSize.A4</setting>
            <setting>MediaType.HP_PREMIUM_PLUS_PHOTO_PAPER_GLOSSY</setting>
            <setting>PrintQualityGroup.PQGroup_2</setting>
            <setting>InputBin.LOWERTRAY</setting>
          </presetenglish>
          <presetenglish>
            <name>Professional text or text with color printing</name>
            <resource_id>3371</resource_id>
            <setting>PaperSize.A4</setting>
            <setting>MediaType.AUTOMATIC</setting>
            <setting>PrintQualityGroup.PQGroup_2</setting>
            <setting>InputBin.LOWERTRAY</setting>
          </presetenglish>
          <presetenglish>
            <name>Draft text or text with color printing</name>
            <resource_id>3357</resource_id>
            <setting>PaperSize.A4</setting>
            <setting>MediaType.AUTOMATIC</setting>
            <setting>PrintQualityGroup.PQGroup_3</setting>
            <setting>InputBin.LOWERTRAY</setting>
          </presetenglish>
          <presetenglish>
            <name>2 pages printed on one sheet</name>
            <resource_id>3358</resource_id>
            <setting>PaperSize.LETTER</setting>
            <setting>MediaType.AUTOMATIC</setting>
            <setting>PrintQualityGroup.PQGroup_1</setting>
            <setting>InputBin.LOWERTRAY</setting>
          </presetenglish>
          <presetenglish>
            <name>L size photo with white border</name>
            <resource_id>3363</resource_id>
            <setting>PaperSize.A4</setting>
            <setting>MediaType.HP_PREMIUM_PLUS_PHOTO_PAPER_GLOSSY</setting>
            <setting>PrintQualityGroup.PQGroup_1</setting>
            <setting>InputBin.LOWERTRAY</setting>
            <setting>NUpChoice.TwoUp</setting>
          </presetenglish>
		  <presetenglish>
            <name>4x6-inch photo with white border</name>
            <resource_id>3364</resource_id>
            <setting>PaperSize.PHOTO_4X6_IN_WT</setting>
            <setting>MediaType.HP_PREMIUM_PLUS_PHOTO_PAPER_GLOSSY</setting>
            <setting>PrintQualityGroup.PQGroup_1</setting>
            <setting>InputBin.LOWERTRAY</setting>
          </presetenglish>
          <presetenglish>
            <name>A4 Size photo with white border</name>
            <resource_id>3365</resource_id>
            <setting>PaperSize.A4</setting>
            <setting>MediaType.HP_PREMIUM_PLUS_PHOTO_PAPER_GLOSSY</setting>
            <setting>PrintQualityGroup.PQGroup_1</setting>
            <setting>InputBin.LOWERTRAY</setting>
          </presetenglish>
          <presetenglish>
            <name>8.5x11-inch photo with white border</name>
            <resource_id>3366</resource_id>
            <setting>PaperSize.LETTER</setting>
            <setting>MediaType.HP_PREMIUM_PLUS_PHOTO_PAPER_GLOSSY</setting>
            <setting>PrintQualityGroup.PQGroup_1</setting>
            <setting>InputBin.LOWERTRAY</setting>
          </presetenglish>
          <presetenglish>
            <name>Hagaki card with white border printing</name>
            <resource_id>3368</resource_id>
            <setting>PaperSize.HP_HAGAKI_CARD</setting>
            <setting>MediaType.HP_INKJET_HAGAKI</setting>
            <setting>PrintQualityGroup.PQGroup_1</setting>
            <setting>InputBin.LOWERTRAY</setting>
          </presetenglish>
          <presetenglish>
            <name>Two-sided printing from main tray</name>
            <resource_id>3374</resource_id>
            <setting>PaperSize.LETTER</setting>
            <setting>MediaType.PLAIN</setting>
            <setting>PrintQualityGroup.PQGroup_2</setting>
            <setting>InputBin.LOWERTRAY</setting>
          </presetenglish>
        </presets>
        <groups>
          <group>
            <groupname>PaperType</groupname>
            <resource_id>3152</resource_id>
            <name>AUTOMATIC</name>
            <name>PLAIN</name>
            <subgroup>
              <subgroupname>Inkjet Papers</subgroupname>
              <resource_id>3120</resource_id>
              <name>HP_BRIGHT_WHITE_INKJET_PAPER</name>
              <name>HP_PREM_INKJET_PAPER</name>
              <name>OTHER_INKJET_PAPERS</name>
            </subgroup>
            <subgroup>
              <subgroupname>Photo Papers</subgroupname>
              <resource_id>3121</resource_id>
              <name>HP_PREMIUM_PLUS_PHOTO_PAPER_GLOSSY</name>
              <name>HP_PREMIUM_PLUS_PHOTO_PAPER_MATTE</name>
              <name>HP_COLORFAST_PHOTO_PAPER_GLOSSY</name>
              <name>HP_PHOTO_PAPER</name>
			  <name>HP_PHOTO_QUALITY_PAPER_MATTE</name>
			  
			  <name>HP_PREMIUM_PHOTO_PAPER</name>
              
              <name>HP_EVERYDAY_PHOTO_PAPER_SEMI_GLOSS</name>
              
              <name>OTHER_PHOTO_PAPER</name>
            </subgroup>
            <subgroup>
              <subgroupname>Transparency Films</subgroupname>
              <resource_id>3122</resource_id>
              <name>HP_PREMIUM_INKJET_TRANSPARENCY_FILM</name>
			  <name>HP_PREM_PLUS_INKJET_TRANSPARENCY</name>
              
              <name>OTHER_TRANSPARENCY_FILMS</name>
            </subgroup>
            <subgroup>
              <subgroupname>Specialty Paper</subgroupname>
              <resource_id>3123</resource_id>
              <name>HP_IRON_ON_TRANSFER</name>
			  <name>HP_BANNER_PAPER</name>
              <name>OTHER_SPECIALTY_PAPERS</name>
            </subgroup>
            <subgroup>
              <subgroupname>Greeting Cards</subgroupname>
              <resource_id>3124</resource_id>
              <name>HP_PHOTO_GREETING_CARDS</name>
              <name>HP_MATTE_GREETING_CARDS</name>
              <name>HP_TEXTURED_GREETING_CARDS</name>
              <name>OTHER_GREETING_CARDS</name>
              <name>HP_INKJET_HAGAKI</name>
            </subgroup>
            <subgroup>
              <subgroupname>Brochure Papers</subgroupname>
              <resource_id>3125</resource_id>
              <name>HP_BROCHURE_FLYER_GLOSS</name>
              <name>HP_BROCHURE_FLYER_MATTE</name>
              <name>OTHER_BROCHURE_PAPERS</name>
            </subgroup>
          </group>
        </groups>
      </helper>
    </component>
  </software>
</device>