﻿<?xml version="1.0" encoding="utf-8"?>
<ProductManifest xmlns:xsi="http://www.w3.org/2001/XMLSchema-instance" xmlns:xsd="http://www.w3.org/2001/XMLSchema">
   <Manifests>
      <MediaManifest>
         <Info>
            <Name>RightFax Product Suite 10.5.0.0</Name>
            <VolumeLabel>RPS101</VolumeLabel>
            <AltFolder>Disk1</AltFolder>
         </Info>
         <Files>
            <string>_setup.exe</string>
            <string>Prereqs\CRRuntime_32bit_13_0_1.msi</string>
            <string>Prereqs\dotNetFx45_Full_x86_x64.exe</string>
            <string>Prereqs\NDP452-KB2901907-x86-x64-AllOS-ENU.exe</string>
            <string>Prereqs\vstor40_x64.exe</string>
            <string>Prereqs\vstor40_x86.exe</string>
            <string>Prereqs\vstor_redist.exe</string>
            <string>Prereqs\MDAC_TYP.EXE</string>
            <string>Prereqs\msmq2000.ini</string>
            <string>Prereqs\msmq2003.ini</string>
            <string>Prereqs\msmq2008_amd64.xml</string>
            <string>Prereqs\msmq2008_x86.xml</string>
            <string>Prereqs\msmqVista_amd64.xml</string>
            <string>Prereqs\msmqVista_x86.xml</string>
            <string>Prereqs\SQLEXPR32.EXE</string>
	         <string>Prereqs\SQLEXPR.EXE</string>
            <string>Prereqs\vcredist_x86.exe</string>
	         <string>Prereqs\VS2008_vcredist_x86.exe</string>
	         <string>Prereqs\VS2010_vcredist_x86.exe</string>
            <string>Prereqs\VS2012_vcredist_x86.exe</string>
            <string>Prereqs\VS2015_vcredist_x86.exe</string>
            <string>Prereqs\vs_piaredist.exe</string>
            <string>Prereqs\Windows6.0-KB942288-v2-x86.msu</string>
            <string>Prereqs\Windows6.0-KB942288-v2-x64.msu</string>
            <string>Prereqs\Windows6.0-KB968930-x86.msu</string>
            <string>Prereqs\Windows6.0-KB968930-x64.msu</string>
            <string>Prereqs\Windows6.0-KB974405-x64.msu</string>
            <string>Prereqs\Windows6.0-KB974405-x86.msu</string>
            <string>Prereqs\Windows6.1-KB974405-x64.msu</string>
            <string>Prereqs\Windows6.0-KB980368-x86.msu</string>
            <string>Prereqs\Windows6.0-KB980368-x64.msu</string>
            <string>Prereqs\Windows6.1-KB980368-x64.msu</string>
            <string>Prereqs\rewrite_2.0_rtw_x86.msi</string>
            <string>Prereqs\rewrite_amd64.msi</string>
            <string>AdminUtils\RightFax Administrative Utilities.msi</string>
            <string>RightFax\WebApps\WebClient508\RightFax Accessibility Client.msi</string>
            <string>ExchangeConnector\RightFax Exchange Connector.msi</string>
	         <string>ExchangeConnector\RightFax\ExchangeConnector\BackupExchangeConnectorSettings.exe</string>
            <string>ExchangeConnector\RightFax\ExchangeConnector\BackupExchangeConnectorSettings.exe.config</string>
            <string>RightFax\Sharepoint\2007\RFMoss Connector for x64 ONLY.msi</string>
            <string>RightFax\Sharepoint\2010\RFMoss Connector for SharePoint 2010.msi</string>
	         <string>RightFax\Sharepoint\2013\RFMoss Connector for SharePoint 2013.msi</string>
            <string>RightFax\Setup\RightFax Print Processor x64.msi</string>
            <string>RightFax\Shared Files\PowerShellToolsx64.exe</string>
            <string>RightFax Product Suite.msi</string>
         </Files>
      </MediaManifest>
   </Manifests>
   <SetupUpdateUrlFormat>http://www.captaris.com/support/{0}updatenotification.html</SetupUpdateUrlFormat>
</ProductManifest>