﻿<?xml version="1.0" encoding="utf-8"?>
<OEMInfo xmlns:xsi="http://www.w3.org/2001/XMLSchema-instance" xmlns:xsd="http://www.w3.org/2001/XMLSchema">
  <Copyright>Copyright (C) Open Text 2010.  All rights reserved.</Copyright>
  <ProductName>RightFax Product Suite</ProductName>
  <ProductNameShort>RightFax</ProductNameShort>
  <DefaultProductFolder>RightFax</DefaultProductFolder>
  <DefaultProgramGroup>Open Text</DefaultProgramGroup>
  <Signature>kewkfEEHknvXjxbWq1qtRufeUNuPzC8ybUPboVFUAX08r4yUE89UL6dT1R4itd+5cuQ8RC3kK3l4pg7OzevQs5nShRa/e6XBvHHQ0iR/JIMjIpmxo0ktE1jUnXTbNiN37RYuxE0tL6c2ECyIIHWewWX2ObosvOrRB7rkf7K0YWY=</Signature>
  <PublicKey>&lt;RSAKeyValue&gt;&lt;Modulus&gt;tr2UfQnSTu0zPmz6GgXNGtVv/Z/JmWcIYvTAMJVRelSPPDluD0k3cJcbN4NmN+NzPE8OF9IpwvTZabrHliwfABQAG8E1vLuFgSAxGFY/bjkW1Sy4cy33W+qZN1VL0mOncQN3BNIZAcrhVm7A6fLG0sdhXsx7yTb1hEjGLGyqwks=&lt;/Modulus&gt;&lt;Exponent&gt;AQAB&lt;/Exponent&gt;&lt;/RSAKeyValue&gt;</PublicKey>
</OEMInfo>