<?xml version="1.0" encoding="utf-8"?>
<ArrayOfRightFaxBackupFiles xmlns:xsi="http://www.w3.org/2001/XMLSchema-instance" xmlns:xsd="http://www.w3.org/2001/XMLSchema">
  <RightFaxBackupFiles>
    <BUfilename>Config\ConversionControl.xml</BUfilename>
    <BUappendfilename />
  </RightFaxBackupFiles>
  <RightFaxBackupFiles>
    <BUfilename>Shared Files\GhostScript TIFF.xml</BUfilename>
    <BUrelocationfile>Config\GhostScript TIFF.xml</BUrelocationfile>
  </RightFaxBackupFiles>
  <RightFaxBackupFiles>
    <BUfilename>Shared Files\GhostScript PDF.xml</BUfilename>
    <BUrelocationfile>Config\GhostScript PDF.xml</BUrelocationfile>
  </RightFaxBackupFiles>
  <RightFaxBackupFiles>
    <BUfilename>Shared Files\PCL6.xml</BUfilename>
    <BUrelocationfile>Config\PCL6.xml</BUrelocationfile>
  </RightFaxBackupFiles>
  <RightFaxBackupFiles>
    <BUfilename>client\VimMapi\imgfax.ini</BUfilename>
    <BUappendfilename />
    <BUrestorfile>RESTORE</BUrestorfile>
  </RightFaxBackupFiles>
  <RightFaxBackupFiles>
    <BUfilename>Config\Whitelist.txt</BUfilename>
    <BUappendfilename>Config\Whitelist.106</BUappendfilename>
    <BUrestorfile>APPEND</BUrestorfile>
    <!--<BUrelocationfile>Config\Whitelist.txt</BUrelocationfile>-->
  </RightFaxBackupFiles>
  <RightFaxBackupFiles>
    <BUfilename>worksrv\Route.txt</BUfilename>
    <BUappendfilename />
    <BUrestorfile>RESTORE</BUrestorfile>
  </RightFaxBackupFiles>
  <RightFaxBackupFiles>
    <BUfilename>AutoReply\Samples\Format.ini</BUfilename>
    <BUappendfilename />
    <BUrestorfile>RESTORE</BUrestorfile>
  </RightFaxBackupFiles>
  <RightFaxBackupFiles>
    <BUfilename>AutoReply\Samples\Text1.txt</BUfilename>
    <BUappendfilename />
    <BUrestorfile>RESTORE</BUrestorfile>
  </RightFaxBackupFiles>
  <RightFaxBackupFiles>
    <BUfilename>AutoReply\Samples\Text2.txt</BUfilename>
    <BUappendfilename />
    <BUrestorfile>RESTORE</BUrestorfile>
  </RightFaxBackupFiles>
  <RightFaxBackupFiles>
    <BUfilename>CapaSync\config\Default Active Directory to RightFax.xsl</BUfilename>
    <BUappendfilename />
    <BUrestorfile>RESTORE</BUrestorfile>
  </RightFaxBackupFiles>
  <RightFaxBackupFiles>
    <BUfilename>CapaSync\config\Default Active Directory-Exchange to RightFax.xsl</BUfilename>
    <BUappendfilename />
    <BUrestorfile>RESTORE</BUrestorfile>
  </RightFaxBackupFiles>
  <RightFaxBackupFiles>
    <BUfilename>CapaSync\config\Default Active Directory-Exchange2007 to RightFax.xsl</BUfilename>
    <BUappendfilename />
    <BUrestorfile>RESTORE</BUrestorfile>
  </RightFaxBackupFiles>
  <RightFaxBackupFiles>
    <BUfilename>CapaSync\config\Default Active Directory-Exchange2010 to RightFax.xsl</BUfilename>
    <BUappendfilename />
    <BUrestorfile>RESTORE</BUrestorfile>
  </RightFaxBackupFiles>
  <RightFaxBackupFiles>
    <BUfilename>CapaSync\config\Default Notes LDAP to RightFax.xsl</BUfilename>
    <BUappendfilename />
    <BUrestorfile>RESTORE</BUrestorfile>
  </RightFaxBackupFiles>
  <RightFaxBackupFiles>
    <BUfilename>CapaSync\config\Default Notes LDAP with Gateway to RightFax.xsl</BUfilename>
    <BUappendfilename />
    <BUrestorfile>RESTORE</BUrestorfile>
  </RightFaxBackupFiles>
  <RightFaxBackupFiles>
    <BUfilename>CapaSync\config\Default P2P Source to RightFax.xsl</BUfilename>
    <BUappendfilename />
    <BUrestorfile>RESTORE</BUrestorfile>
  </RightFaxBackupFiles>
  <RightFaxBackupFiles>
    <BUfilename>CapaSync\config\Default Sun to RightFax.xsl</BUfilename>
    <BUappendfilename />
    <BUrestorfile>RESTORE</BUrestorfile>
  </RightFaxBackupFiles>
  <RightFaxBackupFiles>
    <BUfilename>CapaSync\config\RfSyncV1.xsd</BUfilename>
    <BUappendfilename />
    <BUrestorfile>RESTORE</BUrestorfile>
  </RightFaxBackupFiles>
  <RightFaxBackupFiles>
    <BUfilename>CapaSync\config\RfSyncV1.xsx</BUfilename>
    <BUappendfilename />
    <BUrestorfile>RESTORE</BUrestorfile>
  </RightFaxBackupFiles>
  <RightFaxBackupFiles>
    <BUfilename>Production\xml\xsl\XML_FAX_SUBMIT.xsl</BUfilename>
    <BUappendfilename />
    <BUrestorfile>RESTORE</BUrestorfile>
  </RightFaxBackupFiles>
  <RightFaxBackupFiles>
    <BUfilename>Production\xml\xsl\XML_FAX_SUBMIT.xslt</BUfilename>
    <BUappendfilename />
    <BUrestorfile>RESTORE</BUrestorfile>
  </RightFaxBackupFiles>
  <RightFaxBackupFiles>
    <BUfilename>Production\xml\xsl\XML_FAX_SUBMIT1.xsl</BUfilename>
    <BUappendfilename />
    <BUrestorfile>RESTORE</BUrestorfile>
  </RightFaxBackupFiles>
  <RightFaxBackupFiles>
    <BUfilename>CPPG\conf\CONTENTTYPE.INI</BUfilename>
    <BUappendfilename />
    <BUrestorfile>RESTORE</BUrestorfile>
  </RightFaxBackupFiles>
  <RightFaxBackupFiles>
    <BUfilename>CPPG\conf\CPPG.INI</BUfilename>
    <BUappendfilename />
    <BUrestorfile>RESTORE</BUrestorfile>
  </RightFaxBackupFiles>
  <RightFaxBackupFiles>
    <BUfilename>WebApps\Dashboard\Web.config</BUfilename>
    <BUappendfilename />
    <BUrestorfile>RESTORE</BUrestorfile>
  </RightFaxBackupFiles>
  <RightFaxBackupFiles>
    <BUfilename>WebApps\RFREST\Web.config</BUfilename>
    <BUappendfilename />
    <BUrestorfile>RESTORE</BUrestorfile>
  </RightFaxBackupFiles>
  <RightFaxBackupFiles>
    <BUfilename>WebApps\CertifiedDelivery\Web.config</BUfilename>
    <BUappendfilename />
    <BUrestorfile>RESTORE</BUrestorfile>
  </RightFaxBackupFiles>
  <RightFaxBackupFiles>
    <BUfilename>WebApps\WebClient\Web.config</BUfilename>
    <BUappendfilename />
  </RightFaxBackupFiles>
  <RightFaxBackupFiles>
    <BUfilename>WebApps\WebEFM\Web.config</BUfilename>
    <BUappendfilename />
  </RightFaxBackupFiles>
  <RightFaxBackupFiles>
     <BUfilename>DocTransport\Brooktrout\btcall.cfg</BUfilename>
     <BUappendfilename />
     <BUrestorfile>RESTORE</BUrestorfile>
  </RightFaxBackupFiles>
  <RightFaxBackupFiles>
     <BUfilename>DocTransport\Brooktrout\callctrl.cfg</BUfilename>
     <BUappendfilename />
     <BUrestorfile>RESTORE</BUrestorfile>
  </RightFaxBackupFiles>
  <RightFaxBackupFiles>
     <BUfilename>DocTransport\Brooktrout\filtersettings.cfg</BUfilename>
     <BUappendfilename />
     <BUrestorfile>RESTORE</BUrestorfile>
  </RightFaxBackupFiles>
  <RightFaxBackupFiles>
     <BUfilename>DocTransport\Brooktrout\settings.cfg</BUfilename>
     <BUappendfilename />
     <BUrestorfile>RESTORE</BUrestorfile>
  </RightFaxBackupFiles>
  <RightFaxBackupFiles>
     <BUfilename>Worksrv\RfIsoConv.exe.config</BUfilename>
     <BUappendfilename />
  </RightFaxBackupFiles>
  <RightFaxBackupFiles>
     <BUfilename>Bin\RightFax.Api.Remoting.Service.exe.config</BUfilename>
     <BUappendfilename />
  </RightFaxBackupFiles>
  <RightFaxBackupFiles>
     <BUfilename>CapaSync\CapaSync.exe.config</BUfilename>
     <BUappendfilename />
  </RightFaxBackupFiles>
</ArrayOfRightFaxBackupFiles>